Time,Current_NH3,Deviation,Current_Temp,Current_Press,Temp_Adjustment,Press_Adjustment
34,0.0572210956695812,-0.014737321988424097,751.3880671319778,226.76010469100697,-50,-50
21,0.07472858561472064,0.00999092104674243,669.6137815679363,266.1171791682647,25,-25
42,0.08115007485788207,0.00964388554282078,664.7108566649613,203.48287437255618,50,-50
20,0.05361978994548873,-0.01956120418262257,767.2204005247769,239.61076106752978,-50,-50
60,0.08176505117620278,0.00969695736958548,661.7587006146681,207.78609708474113,25,50
43,0.06220053122250064,-0.011984704607414763,721.1775010451308,248.54056184988133,-25,-25
32,0.0562861121004952,-0.020246605978306194,757.4709792171959,223.21602748832163,-50,-50
44,0.08922542977448177,0.013153588960109971,642.0398478367023,205.89317834573535,50,25
51,0.0810757333320603,0.014882834401338113,677.0753538564261,163.9847698376511,50,-25
46,0.06417616716737842,-0.008662764679732773,755.9443288911926,130.60697473595053,-25,0
39,0.07478961678011369,0.010110431766995678,679.5715930063216,222.5951563389952,25,-25
25,0.06360272483044764,-0.00642726987044176,724.9278768785528,213.4185323182577,-25,0
58,0.06997608432786623,0.0016344718301007227,698.9900775328296,213.66199110033045,0,0
29,0.059801793560553825,-0.004509364052328775,760.4118419671722,165.74652215754503,-50,0
72,0.09988602929507119,0.02562581890220189,630.4298264080257,157.6871556928108,50,50
30,0.06419374659720457,-0.010407234002055121,753.5359926562371,134.9423316370502,0,-50
70,0.07644554402155332,0.009249019301970321,676.8595201222312,212.3087249483608,25,-50
22,0.06224555462540276,-0.010915573187975335,728.4107763551395,221.93183646558924,-25,-25
73,0.06117576683223878,-0.01707862136055662,749.0193642748021,176.6106219701295,-25,-50
30,0.06513738866475338,-0.009463591934506313,728.2574581372346,183.2934262903473,-25,0
69,0.09732588394321104,0.022342994882896733,643.2534415159844,137.31352174103418,50,50
28,0.06479545263510786,-0.003457077572877637,712.4640427976242,239.14399381943247,-25,0
50,0.05967403057029839,-0.010637785365757914,734.3619383647019,242.92127520478806,-25,-50
36,0.08193972358939682,0.013180483605301815,648.1613510082603,265.29749584214176,25,50
35,0.06993921192079507,-0.006669470036800129,728.1205905027484,135.47181498181982,-25,50
57,0.07104661184003273,0.0023778276797564307,727.067695598786,128.66914542622231,25,-25
73,0.06535608303922312,-0.012898305153572279,718.25316267838,210.56296556715682,-25,0
50,0.0631404430222961,-0.007171372913760202,732.1255940840023,197.5220852221323,-25,0
57,0.0804141201897346,0.011745336029458292,651.3377911748918,271.02105537965485,50,-50
47,0.07519710147738448,0.012867744353724384,697.6142673108536,160.36615640651513,0,50
46,0.05768510207685817,-0.015153829770253029,758.1512054790248,199.2777474081991,-50,0
77,0.07108994207659722,-0.0026192566811822776,705.4104932534025,179.90667350082566,0,-25
66,0.06040827280381092,-0.016402217124052487,731.1866299802357,241.79767619093667,-50,0
26,0.0739038976235385,0.0009224297101832896,700.443832419458,164.9917796791285,25,-25
31,0.07516468492600457,0.006204935955128069,679.8726721428463,216.7127966261889,0,50
50,0.05638408719077378,-0.013927728745282524,770.4249175203009,185.52684576239918,-50,-25
36,0.08372392747285382,0.014964687488758815,674.4314867156755,149.37795264770432,25,50
23,0.08161868288828444,0.01553243065980725,687.7227446037241,132.67235614711024,25,25
67,0.08552157061795064,0.01779906739386454,660.0223231085105,176.43559433070396,25,50
62,0.06896244456789465,0.0031496862878795523,729.7301355601431,140.4476267591138,0,-25
41,0.0812010720353311,0.016179366260172995,683.3025109326326,146.26108788058608,25,25
21,0.07933924499598834,0.01460158042801013,655.2854094141335,266.8027987892143,25,25
21,0.0582000777036845,-0.006537586864293704,751.7968348005578,209.81268956404017,-50,0
21,0.07264634146855163,0.007908676900573425,714.5929087461138,141.68734274290836,0,25
66,0.09196200228558354,0.015151512357720137,633.2974236277224,214.23288606348797,50,25
74,0.06051834863184831,-0.009423235359422286,761.2125581949831,155.8344382584573,-25,-50
35,0.07799908070510739,0.001390398747512192,670.656093268359,217.11563792985078,25,0
35,0.08673901765751438,0.010130335699919182,662.2158781117989,159.36174139863283,50,0
37,0.08603281294595981,0.003988905438148713,647.3068923899993,218.1264214662334,50,0
24,0.05779560385881597,-0.015305836307902325,741.4672398390054,250.6412296215745,-50,-25
73,0.09680730670078502,0.018552918507989624,639.1407568215946,152.29873583493816,50,50
47,0.09991798939818143,0.03758863227452133,631.2560426401147,154.87059578139127,50,50
55,0.07384596695500799,0.0018849773147244925,702.813315539455,159.29642631550212,0,50
51,0.06399827870628923,-0.0021946202244329666,745.5221462398645,153.2353473286164,-25,0
44,0.06145429264700328,-0.014617548167368516,741.3027101061613,193.6028442494441,-50,50
24,0.09717729017344123,0.024075850006722938,626.5073861878798,192.75668014222214,50,50
36,0.08186517859773804,0.013105938613643037,679.3617392795402,151.10221285261235,50,-25
63,0.08965915134938501,0.024262307373510816,635.5925936431272,228.72900172379883,50,0
48,0.07232741609079921,-0.000634676105864998,676.1859219497809,272.71462772672294,0,50
73,0.06293739527153329,-0.01531699292126211,725.6301009587113,220.82864684294105,-50,50
51,0.0905105720508401,0.0243176731201179,658.4488207162242,141.77684804339242,50,50
69,0.09512577280341952,0.020142883743105217,630.460863103664,195.45395336840434,50,50
79,0.05354252697188975,-0.027839450490134553,773.2703881734504,222.1870337314911,-50,-50
64,0.0617059834089591,-0.008843353332896604,718.7862706429426,266.7953011578144,-50,25
45,0.08381048957250295,0.012520308518638654,658.2895306487095,198.9094657443378,50,-25
51,0.06630104690793623,0.0001081479772140348,718.0197685648512,198.75562165258214,-25,50
60,0.08694470047438821,0.014876606667770909,669.0193765255756,139.48962711500758,50,25
48,0.054246466253277226,-0.01871562594338698,773.2647975601067,210.28297315216878,-50,-50
31,0.05746588294746855,-0.011493866023407955,738.4660673047252,268.3023656295761,-50,-25
72,0.06241732754004385,-0.011842882852825448,714.3922003706888,272.09589014399126,-50,50
33,0.08345089545109925,0.02219569671912895,659.2496113191006,199.10888232075985,25,50
53,0.08013486218800221,0.0026998216964617128,691.6739915319885,134.42475745688301,25,25
28,0.06300733649028993,-0.005245193717695565,712.091113664178,271.04150156679157,-25,-25
76,0.09423402428392785,0.017263536645086258,650.886104844458,136.80412948016112,50,25
57,0.0650349956675173,-0.003633788492758999,723.3193199139366,198.89964990659234,-25,25
74,0.07840850773119702,0.008466923739926427,681.6280504301184,175.1727929326992,25,-25
64,0.05570092486352174,-0.014848411878333967,763.0918043767647,215.84451332539007,-50,-50
22,0.09022357855505386,0.01706245074167577,635.0381031542244,224.99135759467578,50,50
37,0.06367273351783269,-0.01837117398997841,727.3901426082413,204.63119043908435,-25,0
21,0.07569977008036552,0.010962105512387313,707.5522112080293,132.64165435619606,0,50
75,0.05708562009288903,-0.02198688761401757,739.4042713662157,272.18752382026946,-50,-50
29,0.054416639713653014,-0.009894517899229585,769.6415212517492,217.87707234394554,-50,-50
26,0.07517172315245976,0.0021902552391045577,669.679192110336,259.1166765082537,25,-25
74,0.07035328618790826,0.0004117021966376644,703.1004723501263,195.27692467723665,-25,50
65,0.08622612736481114,0.009985901383545936,666.8440569857281,150.38497419873607,25,50
62,0.057837773373258385,-0.007974984906756709,764.400027207115,180.772213026222,-50,-25
66,0.08479862858203839,0.007988138654174984,672.1625599730979,147.08548533222285,25,50
73,0.08409003466897667,0.005835646476181275,656.0548127855076,204.33458415901768,25,50
36,0.0811291448332919,0.012369904849196894,673.3684545091498,174.50635713321293,25,25
39,0.08210143267140124,0.017422247658283235,676.336783135248,157.2932561011827,25,50
72,0.05614959402843436,-0.018110616364434937,749.0561529409853,253.93081915625544,-50,-50
44,0.09887362265918224,0.02280178184481045,642.9274751673289,128.88904454080796,50,50
45,0.08414514290693689,0.012854961853072597,649.8501418855998,228.91152527863915,50,-25
62,0.07520541476904598,0.009392656489030884,712.4241284987183,126.29159808281399,0,25
77,0.07185734739600123,-0.0018518513617782617,682.9998124434397,249.24252883521,0,-25
63,0.066805892821004,0.0014090488451298094,732.2077823526337,155.05045602087952,-25,0
69,0.07698067286312385,0.001997783802809544,682.592559058227,186.53956014257915,0,50
52,0.06767933186922956,0.002230445401151554,693.3556146420847,270.53661219889443,0,-50
40,0.07563003756748309,0.008449753979024185,687.0815454840999,186.5113125754868,25,-25
40,0.0794951520646878,0.012314868476228896,685.7886050045565,153.69796402168316,25,25
36,0.06690711179824739,-0.0018521281858476096,739.2879404516922,138.7451622203797,-25,25
67,0.0748819236718951,0.007159420447808998,685.0813817338478,201.41341610538174,0,25
63,0.09412803299052819,0.02873118901465399,642.9153398187018,160.11268391835105,50,50
48,0.06633309241334556,-0.006628999783318643,748.8279546258857,125.41370630004258,-25,25
37,0.06955551102207881,-0.012488396485732287,721.0235492536818,154.54821718039173,25,-50
32,0.09058758213319057,0.014054864054389174,636.0277188491773,216.76862727885236,50,25
46,0.09375761252061611,0.020918680673504914,653.0326846510111,134.34648047898685,50,50
33,0.06756226697792678,0.006307068245956476,695.2914653446128,263.9321823303816,0,-50
52,0.062160548939273905,-0.0032883375288041,720.7311363365919,250.93984612785883,-25,-25
63,0.05389037232651009,-0.011506471649364108,768.1741620539642,231.55620365659257,-50,-50
23,0.05831646277037762,-0.007769789458099571,754.442549727073,200.42251739119766,-50,-25
68,0.09328341899891858,0.026912568282171687,649.3844103215422,147.15964655580987,50,25
38,0.056072630694989606,-0.017960912544688193,745.9366030914694,267.07510831207117,-50,-25
27,0.07668569963280478,0.014199706727965077,681.6218813929535,192.8508471932945,25,0
44,0.06106189108033473,-0.015009949734037062,757.1021848137457,158.83146170927972,-50,25
28,0.08959138764335602,0.02133885743537052,629.987720247687,256.6792183341739,50,25
52,0.05942916394020553,-0.006019722527872473,744.6387180057013,212.69273035326276,-50,0
45,0.06847931213757272,-0.0028108689162915784,735.0891288277027,133.62463801823426,-25,50
25,0.0651107665561738,-0.004919228144715598,708.5404941698774,249.26658581201985,-25,25
35,0.0830429944756023,0.006434312518007107,648.3138556279159,249.59689095451085,50,-50
31,0.056235017715151055,-0.01272473125572545,769.4282706257203,190.15751657568015,-50,-50
44,0.09287115368402549,0.016799312869653693,652.0081121878392,142.79231387574174,50,50
55,0.09221724967378031,0.020256260033496815,658.6719224617361,130.09479367417578,50,50
41,0.06508079107368585,5.908529852774458e-05,704.7789519676878,265.27050857031645,-25,0
31,0.06207291560733692,-0.006886833363539582,743.1482214936609,180.6192485691784,-50,25
38,0.07313189268070741,-0.0009016505589703877,686.8693228754561,216.33406554303616,0,50
40,0.08279181631658113,0.015611532728122227,673.4830217944258,159.47026094609268,25,50
28,0.09222030003346005,0.02396776982547455,625.4466464050865,247.97437335143042,50,50
66,0.06459338474343032,-0.012217105184433086,705.9257452326399,268.9148227681479,-25,-25
23,0.08319720209061271,0.017110949862135516,644.2681379838747,267.54037621595535,50,-50
29,0.08653170242495187,0.022220544812069268,661.2489634136228,163.90391702755383,50,0
78,0.06226167768253671,-0.009371817989751494,724.6987026279174,234.5161068193001,-50,25
75,0.07896641022677982,-0.00010609748012678499,657.6453716518376,260.62795777775193,25,-25
29,0.08742240154059266,0.023111243927710065,632.6121126162066,271.0368849039606,50,0
48,0.05440482774442887,-0.018557264452235336,769.3852622427554,218.83324860259103,-50,-50
52,0.06664010037840733,0.0011912139103293223,714.2928575019108,206.1086407905125,0,-50
27,0.06887960881408269,0.006393615909242985,709.8102058221615,192.02911132572765,0,-25
38,0.052660406128545514,-0.021373137111132284,774.7640665640762,233.60885521875855,-50,-50
62,0.05767821195425447,-0.008134546325760626,751.0738295201695,220.22223695130253,-50,-50
51,0.06380459428258485,-0.0023883046481373432,739.4535243151245,169.51904780788567,-25,0
53,0.08157660538516893,0.0041415648936284355,656.5998711235229,230.78959373020163,25,50
60,0.0647305950422298,-0.007337498764387496,711.4120814885257,244.18924891245314,-25,25
23,0.07391550222625408,0.007829249997776885,712.6235572738401,135.64118394716638,25,-25
37,0.06348753568417431,-0.018556371823636786,724.724254695066,215.74184371770644,-25,0
39,0.06873372554757753,0.0040545405344595276,713.4234276427144,183.03010020838224,0,-25
69,0.06305343795599293,-0.011929451104321379,746.6650734805298,160.60486024502723,-50,25
50,0.09980757544206093,0.029495759506004623,636.9936571816231,138.84054822884053,50,50
21,0.0785181672716326,0.013780502703654399,683.0662096598152,169.8668971288405,50,-50
68,0.05278555532095119,-0.013585295395795706,768.1036981903399,252.94584269053067,-50,-50
79,0.08708075964714915,0.0056987821851248455,643.8343557300301,221.1680160576964,50,-25
39,0.05311636858339039,-0.011562816429727618,763.3961987167113,262.7102873853818,-50,-50
48,0.08115929697788968,0.008197204781225473,649.5173197610698,269.51371914486117,50,-50
46,0.07586785693597065,0.0030289250888594493,703.781475185929,139.58295692262172,25,0
39,0.05682544940561508,-0.007853735607502924,759.1674463501856,209.38465720224633,-50,-25
42,0.08353948711206118,0.012033297796999881,656.4611814836031,208.67611538863696,50,-25
59,0.0883023736310914,0.0208997916263165,634.5569764914221,249.57331295272252,50,25
49,0.06404998758335809,-0.0058704223028571145,741.8110252339246,161.13044431848363,0,-50
60,0.05962319384736834,-0.01244489995924896,734.8539101539674,242.03029002068558,-50,25
23,0.061858593668866674,-0.00422765855961052,744.5302996786214,179.67103648833486,-50,50
73,0.08253634405660794,0.004281955863812539,681.0910020449649,141.54229878444684,25,25
51,0.09172213137500777,0.02552923244428558,662.0823844999052,125.12455591146083,50,50
61,0.07035481592078852,0.00731051525405832,711.9062161712415,169.62428605903762,0,0
61,0.08426788598984467,0.02122358532311447,666.2319853848048,168.0549996266285,25,50
69,0.05562283349055386,-0.019360055569760448,759.3536731142384,228.62891637583323,-50,-50
23,0.07430239124345933,0.008216139014982138,674.442601977883,250.39688666495852,25,-50
78,0.06882290641869035,-0.0028105892535978533,725.3814741742949,151.29588328084364,-25,25
64,0.060367385728101006,-0.0101819510137547,737.3312753915635,221.36192640333013,-50,0
40,0.0857756290324562,0.018595345443997296,675.7003895483176,131.47199106828833,50,0
24,0.09318429140590487,0.020082851239186572,626.8569642559356,230.19098271404926,50,50
51,0.0729698348569227,0.006776935926200503,673.57967327135,274.8334396971562,0,50
47,0.08360990553166536,0.021280548408005265,679.3193459985956,137.97303012347845,50,0
40,0.06661244794587187,-0.0005678356425870279,704.3893403186894,241.68742991292282,0,-50
72,0.08335028369793135,0.00909007330506205,675.6659543442028,149.04653203532766,25,25
70,0.05615434505436042,-0.011042179665222578,762.4286322210914,210.47819476135052,-50,-50
58,0.06221716292633905,-0.006124449571426459,763.9200174118957,133.45963112487294,0,-50
53,0.052331946796964575,-0.025103093694575924,766.9846974702963,266.33542159321354,-50,-50
22,0.0726815470911659,-0.00047958072221220005,694.6438157372344,195.0092604664924,0,50
53,0.0913374871232769,0.013902446631736398,644.5422406327249,177.071354723661,50,50
55,0.09121435805768977,0.01925336841740627,654.2719689341899,148.09979062883062,50,50
57,0.06484573808901384,-0.0038230460712624648,716.676926965959,223.12875123321044,-25,25
25,0.06919328559189511,-0.0008367091089942907,695.3364727036901,238.1202222595884,0,-25
47,0.09683598844237927,0.03450663131871917,647.8762575728933,128.47968651805607,50,50
36,0.08868837067431305,0.019929130690218053,635.9285992397578,238.2922411954239,50,0
31,0.08370281080122638,0.014743061830349874,668.007491381677,167.611374151516,50,-25
41,0.064821667449989,-0.00020003832516909958,710.1869363705655,247.48312952397464,-25,0
40,0.057223398356700456,-0.009956885231758444,748.9067995981945,234.86187358073494,-50,-25
66,0.08936799990981092,0.012557509981947518,633.8661719342093,240.09844358158745,50,0
32,0.06441377971088637,-0.012118938367915028,749.4044583496046,141.00302835402442,0,-50
66,0.06840027808881236,-0.008410211839051052,713.8999219242429,185.48975551001612,-25,25
44,0.07547722919951688,-0.0005946116148549119,669.59779707749,254.99329346958078,25,-25
67,0.05564604023207317,-0.012076462992012933,773.9146709790573,187.188821084911,-50,-50
26,0.09352641402718427,0.020544946113829066,653.3253280666031,135.06833523645892,50,50
25,0.05847365779531692,-0.011556336905572479,747.9967163109734,217.10707402237705,-50,0
42,0.08751365862920188,0.016007469314140585,631.8696330830641,273.84427320863654,50,0
68,0.0660487969692442,-0.00032205374750268745,725.1947058453486,180.93406204633575,-25,0
22,0.06557056981339508,-0.007590557999983011,742.4811929898035,144.36453945505951,-25,25
27,0.06678937280223728,0.004303379897397576,722.6828814404896,179.25513900187977,-25,25
45,0.062473153638208365,-0.008817027415655931,759.0788840807464,140.20513474991452,0,-50
62,0.05137288974816801,-0.014439868531847082,774.9818496689933,258.5391465040939,-50,-50
59,0.07491511010183205,0.0075125280970571445,681.382054298511,214.18668087998972,25,-25
25,0.08297110377419938,0.012941109073309975,668.0362024497211,174.04398750243246,25,50
65,0.09987480671489897,0.023634580733633767,629.3009519520842,161.3979912242985,50,50
35,0.06254751915726929,-0.014061162800325905,733.1710135018475,202.44291434148806,-25,-25
49,0.06736466541636243,-0.0025557444698527665,719.6979533679552,180.91629746081986,0,-25
34,0.06829487173633536,-0.003663545921669939,708.7266032770173,202.6343510214986,-25,50
66,0.0636045419272388,-0.013205948000624607,753.9892353439851,139.46084345513907,-25,-25
25,0.06543904465809262,-0.004590950042796776,729.8917905934511,175.34617192996913,0,-50
73,0.0641913988631404,-0.014062989329654996,755.6624788470489,130.9908705748479,0,-50
37,0.07243348360046897,-0.009610423907342125,699.7404913101406,181.97482211816185,0,25
29,0.07513046647091383,0.010819308858031229,681.4484845641074,211.30999834105228,0,50
45,0.10100514312711989,0.029714962073255594,628.828242436608,155.0353897529294,50,50
29,0.09080438911930083,0.026493231506418233,638.6612611765806,203.66858547399283,50,25
40,0.0639944399483806,-0.0031858436400783036,738.524742835678,169.6780368316272,-25,0
40,0.056319358267911596,-0.010860925320547304,747.7166511303195,255.55065369595053,-50,-50
76,0.0691151363213484,-0.007855351317493195,699.1099550020004,224.86938787722596,0,-50
40,0.08539457136922762,0.018214287780768723,678.3776818616268,127.92825661087944,50,0
64,0.06026669075160636,-0.010282645990249348,771.1395020164532,138.54705279716077,-25,-50
32,0.05242310759070061,-0.024109610488100786,768.8054801066388,257.93754793846904,-50,-50
64,0.08406989739404581,0.013520560652190108,651.2763528014291,223.69194112499173,50,-50
45,0.08823185814265963,0.016941677088795334,659.755028622429,154.73828655386112,50,25
26,0.09004280527777933,0.017061337364424126,633.6008901349454,233.55493587781223,50,50
71,0.06536854752830158,-0.0012536952459554218,706.8275568686371,251.8954725329006,-25,-25
20,0.05935985032586187,-0.013821143802249428,761.3175049552154,168.92193467794357,-50,25
74,0.09875811971874218,0.028816535727471587,627.0783265316975,177.43551830059093,50,50
35,0.08088215764680369,0.004273475689208495,659.1626773406972,228.4295702507384,25,25
67,0.06805126579861435,0.00032876257452825464,740.1790005155767,127.36425678171506,0,-25
39,0.07810847249412585,0.013429287481007843,658.7261974968231,267.8434469645284,25,0
25,0.07066243911015749,0.0006324444092680875,686.8391120677439,250.88228881296146,0,0
46,0.0909832601460388,0.018144328298927606,659.6538780604433,135.53677307704203,50,50
57,0.068620017055757,-4.876710451930111e-05,709.8790174335373,194.9481028121309,0,0
59,0.08006493059966613,0.012662348594891223,678.9557813112341,167.57741038109958,25,25
63,0.08864429821889365,0.023247454243019453,642.9126517368458,208.30677490927746,50,0
64,0.06617864713503037,-0.004370689606825337,700.584894511167,264.34347611641283,-25,0
42,0.057881072479330956,-0.013625116835730339,752.0843798520325,213.88659047098122,-50,-25
62,0.06090833139508613,-0.004904426884928967,735.489411813799,218.9963019407345,-50,25
68,0.0834571340852627,0.01708628336851581,644.9683325715627,260.4022280928491,25,25
20,0.0856229093980409,0.012441915269929604,652.2619723193376,202.75611846974203,50,0
28,0.0516613596950048,-0.016591170512980695,769.4249872481269,272.05850089412996,-50,-50
28,0.07679962671202374,0.008547096504038246,669.943171958975,235.12187011430223,25,-25
32,0.0735036607577965,-0.003029057321004891,680.6973416068315,235.2392346410269,0,25
53,0.05711898968189364,-0.02031605080964686,742.9920809792463,257.69334693098733,-50,-25
71,0.06878514796281308,0.00216290518855608,730.4089290689524,140.56609362096262,-25,25
67,0.07229622768866115,0.004573724464575046,708.2509329768664,159.91567159417636,0,0
36,0.06644541808473846,-0.0023138218993565413,739.8363010796437,141.7729018465967,-25,25
57,0.07245639567848759,0.0037876115182112896,682.8832373419863,240.9843008854798,0,50
34,0.0728094683734077,0.0008510507154023961,681.6432771127701,241.08089518154,0,25
28,0.06468014071005902,-0.003572389497926473,707.3594924661134,261.307301223717,-25,0
25,0.05925575072225513,-0.010774243978634274,753.2315530905782,190.5074655454513,-50,0
68,0.0778343162518741,0.011463465535127212,667.0442393161826,233.72949223947006,25,-25
76,0.06037513478871779,-0.016595352850123805,763.7221880251896,152.06787725523867,-25,-50
59,0.06537939036300859,-0.0020231916417663143,718.4948813249364,209.45627231657133,-25,25
72,0.08214276145870311,0.007882551065833812,655.33030960593,229.31215498245976,25,0
22,0.07127963754763979,-0.001881490265738306,696.4239159423485,205.88834861001453,0,25
43,0.056515930343532514,-0.01766930548638289,764.6687406741817,198.63740281581602,-50,-50
39,0.05974775284962583,-0.004931432163492178,742.9456513351306,213.07236981250858,-50,25
76,0.059641242518089485,-0.01732924512075211,750.033841932483,193.91998417513884,-50,-25
26,0.059547763215152025,-0.01343370469820318,731.58775757728,255.4534266970807,-50,25
61,0.07662397375178771,0.013579673085057517,677.7515594883138,206.93767690550766,25,-25
59,0.0921768207934919,0.024774238788717,660.0341659440244,127.11847505284013,50,50
41,0.10324608779171317,0.038224382016555064,627.7904246430355,143.6619385239416,50,50
28,0.07052683835300087,0.0022743081450153774,701.7475828977596,197.50810802352407,0,0
27,0.06742435305199447,0.00493836014715477,731.3503730041767,150.9788883022719,0,-25
37,0.09019415492341004,0.008150247415598944,653.1864412152585,158.7724933317937,50,50
37,0.06646289497159831,-0.015581012536212788,708.8451614335523,227.20711301792042,-25,50
26,0.08738315262237993,0.014401684709024726,658.1013465319527,166.40389025932052,50,25
75,0.08250980756831458,0.0034372998614079775,655.2414189366258,225.28703942391274,25,25
47,0.0636609659961866,0.0013316088725265074,756.9417593751293,133.30205910873292,-50,50
40,0.052576929998476886,-0.014603353589982014,767.1299734706985,260.627780374002,-50,-50
32,0.06405426347831342,-0.012478454600487979,736.3048232040446,174.61387519034272,-25,0
72,0.07688441814837377,0.002624207755504468,662.058136372513,269.7665849796449,0,50
33,0.06668525047725499,0.005430051745284686,733.1958942657654,153.96961247936105,-25,25
57,0.08906862834506865,0.02039984418479235,637.8977734875607,224.96800813451705,50,50
72,0.07757364914531288,0.0033134387524435815,672.773270122894,214.1205197872963,0,50
49,0.058006982271542454,-0.011913427614672747,744.1320955740356,237.43894451145016,-50,0
27,0.09679602021979064,0.03431002731495094,629.8506144720686,183.27313499265273,50,50
27,0.06156427214595986,-0.0009217207588798418,738.8567444895538,199.1242372783856,-50,50
31,0.0590551326470667,-0.009904616323809803,730.8166920365474,267.6920630523035,-50,0
52,0.08762919076761466,0.022180304299536657,652.5079493742462,182.42637965489024,50,25
55,0.08994824604363101,0.017987256403347515,659.7698849558395,142.1966701599561,50,50
68,0.09554442363041128,0.02917357291366439,638.3913632907015,163.75453100911798,50,50
73,0.06944179294146124,-0.008812595251334154,689.2052239263011,259.75983387500605,0,-50
43,0.05807199354199669,-0.01611324228791871,737.5129555883725,260.2518695919372,-50,0
33,0.08164871294092003,0.020393514208949734,648.0136347567703,270.1859423948722,25,25
68,0.0977419257287173,0.03137107501197041,632.8397730101575,165.35715478519828,50,50
40,0.086133770920856,0.0189534873323971,642.217605256812,239.34364763753433,50,0
41,0.07833704380358592,0.013315338028427812,694.5341543936796,141.40436044118692,25,0
73,0.06320921267946332,-0.01504517551333208,754.3292791065205,142.53295896077617,-50,25
34,0.07051601346939998,-0.0014424041886053202,700.923538624326,200.30498042457938,0,0
27,0.07727045006396778,0.01478445715912808,696.1266683389258,146.13749785499706,25,0
55,0.06112289409943563,-0.010838095540847865,766.6301135259987,138.6943497237822,-25,-25
34,0.06389531606270389,-0.008063101595301408,753.0675254806956,138.56285745869758,0,-50
61,0.09903236499164265,0.03598806432491246,629.737793080833,166.08237696892985,50,50
60,0.06667257544707868,-0.005395518359538623,747.1611025737637,125.6660181488674,0,-25
66,0.06431277391508082,-0.012497716012782586,718.3005842810957,225.36728381248457,-25,-25
20,0.05269844618872707,-0.020482547939384227,765.6278633455134,263.4384801247561,-50,-50
48,0.07606950967390962,0.003107417477245411,689.6045533277821,174.319469467136,25,0
27,0.07166848051876647,0.009182487613926767,703.886574630844,178.06895216646535,25,-50
77,0.062438133516241084,-0.011271065241538411,722.5894784932461,239.29526150617613,-50,50
34,0.06327259835570191,-0.008685819302303388,716.9055924096583,246.8854947696869,-25,-25
52,0.06690349365913995,0.0014546071910619407,721.2190010805032,181.99475734203025,-25,25
64,0.06286616692866993,-0.007683169813185772,731.5139913422701,203.06630615743865,-25,-50
52,0.06621274600860466,0.0007638595405266568,704.823501460107,246.25731102612727,-25,50
27,0.06228658387238983,-0.00019940903244987374,759.9470711988095,140.30241353684573,-25,-25
50,0.06774338788144894,-0.002568428054607358,734.1978957092481,141.81341635414498,-25,50
25,0.07845336622605874,0.008423371525169338,668.3902051463261,220.46708989871422,25,0
46,0.06216768732474937,-0.010671244522361824,715.0088174057875,274.1178380395245,-25,-25
44,0.0877210294164738,0.011649188602102012,637.5471341442833,242.13062775150027,50,25
48,0.06507561285668156,-0.007886479339982641,717.3800082651402,217.3923402183861,0,-50
36,0.06536577183983887,-0.0033934681442561315,705.7919497252024,256.16011037982855,-25,25
67,0.07796952790989287,0.010247024685806766,691.0747424892054,152.87541983237764,0,50
31,0.055332006977418344,-0.013627741993458162,764.3776574280363,218.11471449731704,-50,-50
68,0.06796471389898297,0.0015938631822360744,723.7159471995265,163.75387331511365,0,-50
41,0.07345910633647589,0.008437400561317782,719.4741081172428,125.18498537142764,25,-25
20,0.061132191295986266,-0.012048802832125033,771.1479746105462,130.38472876177735,-50,25
70,0.08655421173205441,0.01935768701247141,649.7037992808007,202.98491286109365,50,-25
30,0.0768631677456621,0.002262187146402403,695.2089796035759,151.79811732590082,0,50
59,0.07254394632471858,0.005141364319943678,719.0589148470299,132.97452726171662,25,-25
47,0.06096135652099821,-0.0013680006026618868,748.7683187281929,179.91004751515027,-50,25
68,0.0780695930303242,0.011698742313577301,684.2128739784653,170.74517976918307,0,50
70,0.06126867858219732,-0.00592784613738568,725.1658865766339,249.34073916221976,-50,0
76,0.07732901817470235,0.00035853053586075434,677.8355432835866,198.61832094415254,0,50
33,0.07762672785762091,0.01637152912565061,667.2021313286388,235.77375134047952,25,-25
43,0.06393851109890239,-0.010246724731013013,749.0429934105806,146.27959923599042,0,-50
46,0.053234678150668534,-0.019604253696442663,760.7602920119635,269.87956346642704,-50,-50
61,0.06007913729743462,-0.002965163369295573,746.0422315529704,199.0282668174509,-50,0
50,0.05734769410493446,-0.01296412183112184,770.9747030035543,171.40770170678195,-50,0
79,0.09461499099246927,0.013233013530444968,633.2798689656206,189.14631228192889,50,50
66,0.0763461041857304,-0.00046438574213300554,685.107321851517,185.1882123836787,0,50
41,0.0776694896002204,0.012647783825062292,666.9222270706858,236.3997350240992,25,0
70,0.06054618748057765,-0.0066503372390053495,737.6978610719242,217.42191904564964,-50,0
53,0.09004197069739714,0.01260693020585664,648.9748352749734,173.1827470100077,50,50
59,0.06814326939847563,0.0007406873937007286,705.0250834251534,217.0621093711631,0,-25
25,0.07586418294213879,0.005834188241249386,691.6143238476318,170.5184869485547,0,50
64,0.0677471169263151,-0.002802219815540602,712.7309402874992,196.8542970594914,0,-50
40,0.057504477072897374,-0.009675806515561526,739.5330200967461,263.39124670892375,-50,-25
30,0.06424776209543721,-0.010353218503822481,706.0226735575686,274.713241735607,-25,0
57,0.07040240073090098,0.0017336165706246798,723.0880939323214,142.15354117143374,0,0
41,0.09707180477511701,0.032050098999958906,647.5424439132779,127.92139752184085,50,50
52,0.06391531666725696,-0.0015335698008210469,730.6048994349451,191.82873057422634,-25,0
56,0.08343715819786211,0.01260751464022851,674.507195460804,151.42184387335294,50,0
73,0.10449415758010566,0.026239769387310263,626.954940682709,138.53394558951464,50,50
30,0.06562666483202867,-0.008974315767231025,704.5479204238892,256.9301900449011,-25,25
31,0.07026743281192825,0.001307683841051746,693.4075882682934,230.14512407893938,0,-25
26,0.0675330161967008,-0.005448451716654409,706.702969251356,219.58788942275476,0,-25
50,0.06235489447070564,-0.00795692146535066,726.386763482575,227.1251812914851,-25,0
24,0.05560052122296258,-0.017500918943755717,770.0336848982811,197.88330628571617,-50,-50
71,0.063009736789903,-0.003612505984354003,749.8771129127633,153.85443817638676,-50,25
63,0.07044771092171863,0.005050866945844432,713.2366227957716,165.1677217394889,-25,50
36,0.07123285798478794,0.0024736180006929426,727.4660509313685,126.46613014868726,0,0
59,0.07404755038822708,0.006644968383452174,708.5152171133362,143.65576987327762,25,-25
65,0.0974517636542322,0.021211537672967004,633.3061942917097,165.98707817575405,50,50
42,0.05436195544573165,-0.017144233869329645,770.4701320893663,216.37190990751282,-50,-50
56,0.06892382586501652,-0.001905817692617079,736.3005727179329,127.66458997809286,0,0
73,0.08008921613237996,0.0018348279395845601,654.6668805152613,259.1187976234995,25,0
47,0.07809821595686259,0.01576885883320249,660.2355001946098,260.6576544440319,25,0
57,0.07288837156250623,0.004219587402229927,682.0202066424414,238.4086667620607,0,50
79,0.05454773289402414,-0.02683424456800016,762.1878883541724,238.75007807504247,-50,-50
31,0.07805984107282062,0.00910009210194411,672.4488001232342,209.61269140445702,25,0
77,0.06090804307023896,-0.012801155687540533,722.4788348883149,266.3876728624981,-50,25
41,0.07939391273627132,0.014372206961113215,673.6168392528956,190.8129822572894,50,-50
44,0.07484607879413777,-0.001225762020234028,680.0528161617623,220.0315958210258,25,-25
66,0.06229514771101656,-0.014515342216846847,725.1364285706211,232.4261849554461,-25,-50
79,0.08472324229909563,0.0033412648370713255,647.4539057566972,232.5477579857075,25,50
46,0.07857381300779703,0.005734881160685837,668.6963239689045,217.8117930028623,25,25
34,0.07586680345529608,0.003908385797290775,666.8622069722913,261.9190651158849,25,-50
28,0.061943832033867614,-0.006308698174117881,734.3571598401895,207.29024181784013,-50,50
53,0.05776021370427816,-0.019674826787262338,739.47179788892,258.7166170149353,-50,0
69,0.07067747315043613,-0.00430541590987818,696.928924397116,211.75768476432944,0,-25
75,0.058367825838429144,-0.02070468186847746,769.8566377107047,161.4804266944945,-50,-25
51,0.09090477175026472,0.024711872819542527,637.1949240697052,208.61276563645401,50,50
57,0.09907639887522003,0.03040761471494373,627.3140048228718,174.0955742381749,50,50
64,0.05756323943463879,-0.012986097307216914,741.8980045271358,253.36451549400093,-50,-50
31,0.05960929108413584,-0.009350457886740667,757.1833207648555,175.74051256126538,-50,0
73,0.07070536990130086,-0.007549018291494541,708.0387221812389,176.55512055063832,0,-25
69,0.06449990014802115,-0.010482988912293156,727.8364180807982,192.3695941635712,-25,-25
43,0.08945632697428356,0.015271091144368157,630.9251851011633,253.5494596442068,50,25
74,0.06758814846292,-0.0023534355283506003,723.0012996967007,169.53747534599773,0,-50
79,0.10095711938378583,0.019575141921761532,628.7267342053968,155.6814593547137,50,50
30,0.06436394495638427,-0.010237035642875425,712.4418383400241,246.1464486966078,-25,0
21,0.06992813526969636,0.005190470701718158,697.6561244651823,219.03234704994918,0,0
45,0.08097351606511581,0.009683335011251515,684.2524789880056,145.6654970833971,50,-25
48,0.08145226258434132,0.008490170387677118,675.5762537894419,164.990611153384,25,50
52,0.0589278854953178,-0.006521000972760205,744.9464113459363,219.5016972406814,-50,0
20,0.06770937553911435,-0.005471618588996946,707.8443917454879,213.22247066414843,0,-25
60,0.09211390172940023,0.020045807922782932,651.801739152795,148.59148288468657,50,50
56,0.078930155443397,0.008100511885763398,659.4906427427097,252.4075206411557,25,25
61,0.06036237715053528,-0.002681923516194916,750.605894686889,182.77724471218943,-25,-50
33,0.05994503618222847,-0.001310162549741832,770.1536214670232,143.627419699217,-50,0
46,0.09227032668631042,0.01943139483919923,625.4604691924128,247.31520517131622,50,50
53,0.0864592817740836,0.009024241282543102,638.4608126607066,253.34427939414587,50,0
27,0.0593902975242907,-0.0030956953805489976,759.3537944237502,173.19778981783472,-25,-50
35,0.05561496815632672,-0.020993713801268472,759.3186438864436,228.87689328867748,-50,-50
20,0.08556429171882036,0.012383297590709066,640.9689251286826,252.41684499387594,50,0
52,0.06777561137705193,0.002326724908973926,738.767192366097,132.30144463956714,-25,25
22,0.06577863794500224,-0.007382489868375849,702.5633470024496,262.6962140568545,-25,50
49,0.05888576822282871,-0.01103464166338649,767.4440236583388,160.70638579774706,-25,-50
69,0.07456741828631401,-0.00041547077400029553,695.098327209769,173.33396909402538,25,-50
68,0.06110564164935813,-0.005265209067388761,734.0311566681785,220.7239354617827,-50,0
29,0.07263145973279206,0.008320302119909459,719.1906650071363,132.01739871731905,25,-25
69,0.08087155247098626,0.005888663410671957,681.739915290055,152.91275660859355,25,0
29,0.07280354296569899,0.008492385352816392,692.9760342042202,199.04868458894487,25,-50
35,0.06276822554056588,-0.013840456417029315,765.9188778368438,125.07595614286394,0,-50
74,0.06078374524723369,-0.009157838744036903,773.3854699604317,129.64218723694404,-25,-50
70,0.09011818082137259,0.02292165610178959,646.6948708285322,180.2066342991253,50,0
32,0.08592123966921099,0.009388521590409593,651.539477057425,202.44031347914208,50,0
66,0.08206953928003019,0.005259049352166784,678.6561789371575,151.31654056838732,25,25
57,0.09090676972332445,0.02223798556304815,643.5806826923478,184.16084206683433,50,50
78,0.08987049341429948,0.018236997742011277,651.6569904977208,165.99426799037676,50,0
30,0.07575092491321328,0.0011499443139535853,673.4776068207238,234.34471518198217,25,-25
51,0.0773740624993585,0.011181163568636313,705.0339111655655,125.6584314950475,25,0
61,0.05753868658668909,-0.005505614080041105,740.5967131639845,258.67792999866975,-50,-25
69,0.07897526784314429,0.003992378782829986,674.3999623287403,192.5574313886504,25,-25
42,0.0770334596295579,0.00552727031449661,690.5812880476175,162.4066151007351,25,0
25,0.08865466094314182,0.018624666242252425,664.1293159147314,139.90697393610878,50,25
57,0.06950828491530368,0.0008395007550273809,686.7565089843204,269.6276489584418,0,0
55,0.06663330375080012,-0.0053276858894833745,724.3944812032116,176.3830349591819,0,-25
22,0.07154218952106686,-0.001618938292311231,694.9919737634443,207.51557388297465,0,25
27,0.08085047746013853,0.018364484555298828,660.5702023702188,222.97656563296744,50,-50
42,0.08087269437149251,0.009366505056431218,672.1282393007134,180.84068646082576,25,25
73,0.0734097284194726,-0.004844659773322796,692.8607319357565,192.44039756470065,25,-50
65,0.06461753365458353,-0.011622692326681672,717.0589758323252,225.16792398049262,-25,-25
27,0.0677080890055807,0.005222096100741001,720.0473416875323,176.0695282236054,0,-25
32,0.09964159228614515,0.023108874207343755,642.4493062973856,125.71685422078635,50,50
39,0.08398487676236695,0.01930569174924894,654.8336531533228,210.1755602493684,50,-25
39,0.088560099912696,0.023880914899578,653.4337372318437,171.19648396287536,50,25
26,0.07271565123939172,-0.0002658166739634843,693.6517036734421,197.84839295974632,0,25
30,0.08184515804855488,0.007244177449295189,679.4566470347369,151.01414293263608,25,25
69,0.0748997319418177,-8.315711849660179e-05,700.8581907389407,154.6967833087491,0,25
52,0.0749972550248488,0.009548368556770798,699.0844711690319,158.35161687117045,0,50
66,0.08089287399052338,0.004082384062659969,680.4630440448749,156.13859391010726,50,-50
39,0.08814626246961756,0.02346707745649955,633.9398275833476,254.61616934069716,50,25
37,0.09136490983977508,0.009321002331963979,651.7818700556771,154.06468041360793,50,50
55,0.07428734550716498,0.0023263558668814854,673.7517362280834,253.682303659078,25,-25
47,0.07355733528309553,0.011227978159435437,717.0644258864879,129.2056609217148,50,-50
27,0.0886499574224965,0.026163964517656797,668.0988267686392,130.27390700421222,50,25
47,0.06542513509381716,0.00309577797015706,723.2452088890768,194.10448817293553,-25,25
40,0.10433238450070041,0.03715210091224151,627.0528607509852,139.21269403046716,50,50
63,0.05900397577703682,-0.00639286819883738,754.3344091002481,190.99230877386685,-50,-25
27,0.08183816316140988,0.019352170256570177,650.4945840124609,255.17895801949567,50,-50
74,0.07377127686937719,0.003829692878106597,696.7431245173651,176.67194866852043,25,-50
23,0.061266962541019286,-0.0048192896874579075,733.9385258374261,218.56346508888618,-25,-50
63,0.06726280033284943,0.001865956356975229,708.597023244035,216.7294445813689,-25,25
48,0.07246217570270301,-0.0004999164939611944,715.5410925205898,141.1333842634621,25,-25
72,0.05674692011857784,-0.01751329027429146,773.0067328444926,174.40263061041384,-50,-50
33,0.0941063694822594,0.032851170750289094,639.5067563906052,171.26509254286916,50,50
48,0.08252075703809432,0.009558664841430115,647.3521272807484,261.280117169607,50,-25
37,0.06614688663090378,-0.015897020876907322,720.8317733208344,192.20464186310795,-25,25
55,0.0643057601097243,-0.007655229530559193,712.3204019748287,247.57141762437664,-25,25
70,0.07687444096946795,0.009677916249884955,686.9709791050967,174.1490004738203,0,50
30,0.0575339823305056,-0.017066998268754095,748.858358856442,229.69628996690193,-50,-25
55,0.06574860972336972,-0.006212379916913771,703.9541879109497,257.35365910258145,-25,50
37,0.05382345831136136,-0.02822044919644974,759.0979400688482,263.640653087122,-50,-50
66,0.10052171891876087,0.023711228990897462,628.1215984179901,160.64431221417902,50,50
68,0.06476570311372204,-0.0016051476030248535,742.8671217082834,151.3318401015128,-50,50
43,0.07267971620316438,-0.001505519626751023,680.4937740636033,247.8022548664991,0,25
70,0.06729953073542443,0.0001030060158414281,718.6382951461703,184.66883971674042,-25,0
69,0.053520965200602684,-0.021461923859711622,773.0988471622666,223.0765207283881,-50,-50
43,0.09014624851624871,0.015961012686333306,631.6800978138008,241.47956450535145,50,25
20,0.07233353949831005,-0.0008474546298012503,680.9773954302515,250.8402993496767,25,-50
72,0.09712522181392219,0.02286501142105289,641.8118786881212,142.4940183090986,50,50
45,0.0677489316414111,-0.003541249412453193,711.7158565242772,200.0081305949004,0,-25
65,0.09692399430836304,0.02068376832709784,639.5127130957505,150.39344657038646,50,50
27,0.059285360998746595,-0.0032006319060931057,754.3170520799398,187.22049008129113,-50,0
77,0.0691238816702894,-0.00458531708749009,705.717251805039,201.9137992561738,-25,50
49,0.07401581900057298,0.004095409114357781,676.354529738919,246.20490950514463,25,-25
47,0.05609665164794864,-0.006232705475711461,758.6298937478643,222.79954586195842,-50,-50
53,0.061339210260340775,-0.016095830231199725,729.6789661788877,231.75814567811534,-25,-25
26,0.06088184090844992,-0.012099627004905286,771.2702639325433,132.46151027719552,-25,-25
60,0.08913193131780607,0.01706383751118877,645.6581410453566,192.88897525191453,50,25
22,0.05568017192858895,-0.017480955884789144,765.8240053808429,208.2485057268069,-50,-50
57,0.07051815206713306,0.0018493679068567609,682.3385421212579,273.303570278198,0,25
51,0.06099317553994277,-0.005199723390779426,761.7082227838594,149.71522171511978,-50,25
35,0.07698256421053529,0.0003738822529400915,685.8539137506816,176.40922650904352,25,0
52,0.08380163994780786,0.018352753479729852,651.9116167199667,224.12500146701186,50,-25
35,0.06072370604297498,-0.015884975914620215,742.0681611503763,201.44764321876613,-50,25
59,0.06351523930653981,-0.0038873426982350967,728.2883872467067,204.01660315260102,-25,0
62,0.07903554941633546,0.01322279113632037,684.6331453699003,160.7394349473343,25,0
71,0.0861221023708328,0.019499859596575797,646.9856151713462,218.4789028909588,25,50
21,0.08996614680099588,0.02522848223301767,632.5462636145236,239.41457195503898,50,50
36,0.05389948407159859,-0.014859755912496407,764.4574982109531,243.40859890584522,-50,-50
57,0.08550591073738503,0.01683712657710873,655.1006972017356,193.41047481721756,50,0
74,0.08226339925792671,0.012321815266656114,684.5215288725632,135.38490732987214,25,25
59,0.08346479039566089,0.016062208390885985,665.6517323115959,177.0470440189565,50,-25
29,0.06492836763400844,0.0006172100211258441,741.6614637779566,152.3644356947055,0,-50
36,0.09238698736154584,0.02362774737745084,637.9115145902883,191.61114359076942,50,50
37,0.06377424874110812,-0.018269658766702973,733.5142386399375,185.41446477924308,-25,0
43,0.07080605021556409,-0.0033791856143513127,695.8510969228807,213.8809055408788,0,0
63,0.057578200218841524,-0.007818643757032673,774.2627425552866,161.25461708821365,-50,-50
69,0.0657590204219164,-0.0092238686383979,748.0809356211053,131.5555276697757,-50,50
36,0.054753717201102566,-0.014005522782992434,764.7912760853092,226.73105553981736,-50,-50
77,0.09101241692508011,0.017303218167300613,633.4364014449424,223.58477262786005,50,0
25,0.05921836587832233,-0.010811628822567074,743.2558963327643,220.28431536110764,-50,0
32,0.06848118579652387,-0.008051532282277521,735.6883003658239,132.4299618202267,0,-25
72,0.09321549049853517,0.01895528010566587,626.9748511783686,229.30197877318034,50,25
69,0.09129215156880595,0.016309262508491643,631.6693894599915,228.53107621907412,50,0
67,0.08471001165701,0.016987508432923903,653.6555102705779,206.9642870300942,25,50
23,0.06671139432779698,0.0006251420993197837,731.4194315824815,157.83971034087293,-25,25
66,0.06073138870802441,-0.016079101219839,755.205461759759,166.90998823167635,-50,0
56,0.1050132190642854,0.0341835755066518,629.2660277840118,129.31360180250988,50,50
74,0.08410581320495229,0.014164229213681698,665.8396109729623,170.6722130914285,25,25
